pair_id,permission,status
bank1,android.permission.ACCESS_ADSERVICES_AD_ID,common
bank1,android.permission.ACCESS_ADSERVICES_ATTRIBUTION,common
bank1,android.permission.ACCESS_NETWORK_STATE,common
bank1,android.permission.ACCESS_WIFI_STATE,common
bank1,android.permission.CALL_PHONE,common
bank1,android.permission.CAMERA,common
bank1,android.permission.FOREGROUND_SERVICE,common
bank1,android.permission.INTERNET,common
bank1,android.permission.POST_NOTIFICATIONS,common
bank1,android.permission.READ_EXTERNAL_STORAGE,common
bank1,android.permission.READ_PHONE_STATE,common
bank1,android.permission.RECEIVE_BOOT_COMPLETED,common
bank1,android.permission.SYSTEM_ALERT_WINDOW,common
bank1,android.permission.VIBRATE,common
bank1,android.permission.WAKE_LOCK,common
bank1,android.permission.WRITE_EXTERNAL_STORAGE,common
bank1,com.google.android.c2dm.permission.RECEIVE,common
bank1,com.google.android.finsky.permission.BIND_GET_INSTALL_REFERRER_SERVICE,common
bank1,com.google.android.gms.permission.AD_ID,common
bank1,com.personetics.module.permission.C2D_MESSAGE,eu_only
bank1,lu.bgl.spm.retail.DYNAMIC_RECEIVER_NOT_EXPORTED_PERMISSION,eu_only
bank1,lu.bgl.spm.retail.LISTEN_BEADVISED_BROADCAST,eu_only
bank1,android.permission.ACCESS_COARSE_LOCATION,ru_only
bank1,android.permission.ACCESS_FINE_LOCATION,ru_only
bank1,android.permission.ANSWER_PHONE_CALLS,ru_only
bank1,android.permission.AUTHENTICATE_ACCOUNTS,ru_only
bank1,android.permission.BLUETOOTH,ru_only
bank1,android.permission.BLUETOOTH_ADMIN,ru_only
bank1,android.permission.BLUETOOTH_ADVERTISE,ru_only
bank1,android.permission.BLUETOOTH_CONNECT,ru_only
bank1,android.permission.BLUETOOTH_SCAN,ru_only
bank1,android.permission.CHANGE_NETWORK_STATE,ru_only
bank1,android.permission.CHANGE_WIFI_STATE,ru_only
bank1,android.permission.DETECT_SCREEN_CAPTURE,ru_only
bank1,android.permission.DOWNLOAD_WITHOUT_NOTIFICATION,ru_only
bank1,android.permission.FLASHLIGHT,ru_only
bank1,android.permission.FOREGROUND_SERVICE_DATA_SYNC,ru_only
bank1,android.permission.FOREGROUND_SERVICE_MICROPHONE,ru_only
bank1,android.permission.FOREGROUND_SERVICE_PHONE_CALL,ru_only
bank1,android.permission.FOREGROUND_SERVICE_SPECIAL_USE,ru_only
bank1,android.permission.GET_ACCOUNTS,ru_only
bank1,android.permission.GET_TASKS,ru_only
bank1,android.permission.HIGH_SAMPLING_RATE_SENSORS,ru_only
bank1,android.permission.KILL_BACKGROUND_PROCESSES,ru_only
bank1,android.permission.MANAGE_ACCOUNTS,ru_only
bank1,android.permission.MANAGE_EXTERNAL_STORAGE,ru_only
bank1,android.permission.MANAGE_OWN_CALLS,ru_only
bank1,android.permission.MODIFY_AUDIO_SETTINGS,ru_only
bank1,android.permission.NFC,ru_only
bank1,android.permission.QUERY_ALL_PACKAGES,ru_only
bank1,android.permission.QUICKBOOT_POWERON,ru_only
bank1,android.permission.READ_CALL_LOG,ru_only
bank1,android.permission.READ_CONTACTS,ru_only
bank1,android.permission.READ_MEDIA_IMAGES,ru_only
bank1,android.permission.READ_MEDIA_VISUAL_USER_SELECTED,ru_only
bank1,android.permission.READ_SYNC_SETTINGS,ru_only
bank1,android.permission.RECORD_AUDIO,ru_only
bank1,android.permission.REQUEST_DELETE_PACKAGES,ru_only
bank1,android.permission.REQUEST_IGNORE_BATTERY_OPTIMIZATIONS,ru_only
bank1,android.permission.REQUEST_INSTALL_PACKAGES,ru_only
bank1,android.permission.UPDATE_PACKAGES_WITHOUT_USER_ACTION,ru_only
bank1,android.permission.USE_BIOMETRIC,ru_only
bank1,android.permission.USE_FINGERPRINT,ru_only
bank1,android.permission.WRITE_CONTACTS,ru_only
bank1,android.permission.WRITE_EMBEDDED_SUBSCRIPTIONS,ru_only
bank1,android.permission.WRITE_SYNC_SETTINGS,ru_only
bank1,com.google.android.providers.gsf.permission.READ_GSERVICES,ru_only
bank1,ru.rtlabs.mobile.ebs.gosuslugi.permission.VERIFICATION,ru_only
bank1,ru.sberbankmobile.DYNAMIC_RECEIVER_NOT_EXPORTED_PERMISSION,ru_only
bank1,ru.sberbankmobile.permission.PROCESS_PUSH_MSG,ru_only
bank1,ru.sberbankmobile.permission.PUSH_PROVIDER,ru_only
bank2,android.permission.ACCESS_NETWORK_STATE,common
bank2,android.permission.ACCESS_WIFI_STATE,common
bank2,android.permission.CALL_PHONE,common
bank2,android.permission.INTERNET,common
bank2,android.permission.POST_NOTIFICATIONS,common
bank2,android.permission.READ_EXTERNAL_STORAGE,common
bank2,android.permission.USE_BIOMETRIC,common
bank2,android.permission.WAKE_LOCK,common
bank2,com.google.android.c2dm.permission.RECEIVE,common
bank2,com.ing.lu.mobile.DYNAMIC_RECEIVER_NOT_EXPORTED_PERMISSION,eu_only
bank2,com.ing.lu.mobile.broadcast.permission,eu_only
bank2,android.permission.ACCESS_ADSERVICES_ATTRIBUTION,ru_only
bank2,android.permission.ACCESS_BACKGROUND_LOCATION,ru_only
bank2,android.permission.ACCESS_COARSE_LOCATION,ru_only
bank2,android.permission.ACCESS_FINE_LOCATION,ru_only
bank2,android.permission.ACCESS_MEDIA_LOCATION,ru_only
bank2,android.permission.BLUETOOTH,ru_only
bank2,android.permission.BLUETOOTH_ADMIN,ru_only
bank2,android.permission.BLUETOOTH_CONNECT,ru_only
bank2,android.permission.BLUETOOTH_SCAN,ru_only
bank2,android.permission.CAMERA,ru_only
bank2,android.permission.CHANGE_NETWORK_STATE,ru_only
bank2,android.permission.CHANGE_WIFI_STATE,ru_only
bank2,android.permission.DETECT_SCREEN_CAPTURE,ru_only
bank2,android.permission.DETECT_SCREEN_RECORDING,ru_only
bank2,android.permission.DOWNLOAD_WITHOUT_NOTIFICATION,ru_only
bank2,android.permission.FOREGROUND_SERVICE,ru_only
bank2,android.permission.FOREGROUND_SERVICE_CAMERA,ru_only
bank2,android.permission.FOREGROUND_SERVICE_DATA_SYNC,ru_only
bank2,android.permission.FOREGROUND_SERVICE_LOCATION,ru_only
bank2,android.permission.FOREGROUND_SERVICE_MEDIA_PLAYBACK,ru_only
bank2,android.permission.FOREGROUND_SERVICE_MEDIA_PROCESSING,ru_only
bank2,android.permission.FOREGROUND_SERVICE_MICROPHONE,ru_only
bank2,android.permission.FOREGROUND_SERVICE_PHONE_CALL,ru_only
bank2,android.permission.HIGH_SAMPLING_RATE_SENSORS,ru_only
bank2,android.permission.MANAGE_OWN_CALLS,ru_only
bank2,android.permission.MODIFY_AUDIO_SETTINGS,ru_only
bank2,android.permission.NEARBY_WIFI_DEVICES,ru_only
bank2,android.permission.NFC,ru_only
bank2,android.permission.QUERY_ALL_PACKAGES,ru_only
bank2,android.permission.READ_CALENDAR,ru_only
bank2,android.permission.READ_CALL_LOG,ru_only
bank2,android.permission.READ_CONTACTS,ru_only
bank2,android.permission.READ_MEDIA_AUDIO,ru_only
bank2,android.permission.READ_MEDIA_IMAGES,ru_only
bank2,android.permission.READ_MEDIA_VIDEO,ru_only
bank2,android.permission.READ_PHONE_NUMBERS,ru_only
bank2,android.permission.READ_PHONE_STATE,ru_only
bank2,android.permission.READ_SECURE_SETTINGS,ru_only
bank2,android.permission.RECEIVE_BOOT_COMPLETED,ru_only
bank2,android.permission.RECORD_AUDIO,ru_only
bank2,android.permission.REQUEST_INSTALL_PACKAGES,ru_only
bank2,android.permission.SCHEDULE_EXACT_ALARM,ru_only
bank2,android.permission.SYSTEM_ALERT_WINDOW,ru_only
bank2,android.permission.UPDATE_PACKAGES_WITHOUT_USER_ACTION,ru_only
bank2,android.permission.USE_EXACT_ALARM,ru_only
bank2,android.permission.USE_FINGERPRINT,ru_only
bank2,android.permission.USE_FULL_SCREEN_INTENT,ru_only
bank2,android.permission.USE_SPI,ru_only
bank2,android.permission.VIBRATE,ru_only
bank2,android.permission.WRITE_CALENDAR,ru_only
bank2,android.permission.WRITE_CONTACTS,ru_only
bank2,android.permission.WRITE_EXTERNAL_STORAGE,ru_only
bank2,android.permission.WRITE_MEDIA_IMAGES,ru_only
bank2,com.android.alarm.permission.SET_ALARM,ru_only
bank2,com.google.android.gms.permission.AD_ID,ru_only
bank2,com.google.android.providers.gsf.permission.READ_GSERVICES,ru_only
bank2,com.huawei.appmarket.service.commondata.permission.GET_COMMON_DATA,ru_only
bank2,com.huawei.permission.ACCESS_HW_KEYSTORE,ru_only
bank2,com.idamob.tinkoff.android.DYNAMIC_RECEIVER_NOT_EXPORTED_PERMISSION,ru_only
bank2,com.idamob.tinkoff.android.permission.PROCESS_PUSH_MSG,ru_only
bank2,com.idamob.tinkoff.android.permission.PUSH_PROVIDER,ru_only
bank2,com.idamob.tinkoff.android.permission.pushserver.RECEIVE,ru_only
bank2,com.samsung.android.mapsagent.permission.READ_APP_INFO,ru_only
bank2,com.samsung.android.providers.context.permission.WRITE_USE_APP_FEATURE_SURVEY,ru_only
bank2,ru.rtlabs.mobile.ebs.gosuslugi.permission.VERIFICATION,ru_only
bank2,ru.tbank.twork.permission.TWORK_ENTRY_POINT_PERMISSION,ru_only
bank3,android.permission.ACCESS_ADSERVICES_AD_ID,common
bank3,android.permission.ACCESS_ADSERVICES_ATTRIBUTION,common
bank3,android.permission.ACCESS_COARSE_LOCATION,common
bank3,android.permission.ACCESS_FINE_LOCATION,common
bank3,android.permission.ACCESS_NETWORK_STATE,common
bank3,android.permission.ACCESS_WIFI_STATE,common
bank3,android.permission.BLUETOOTH,common
bank3,android.permission.BLUETOOTH_ADMIN,common
bank3,android.permission.BLUETOOTH_CONNECT,common
bank3,android.permission.CAMERA,common
bank3,android.permission.CHANGE_WIFI_STATE,common
bank3,android.permission.FOREGROUND_SERVICE,common
bank3,android.permission.GET_ACCOUNTS,common
bank3,android.permission.INTERNET,common
bank3,android.permission.NFC,common
bank3,android.permission.POST_NOTIFICATIONS,common
bank3,android.permission.READ_CONTACTS,common
bank3,android.permission.READ_EXTERNAL_STORAGE,common
bank3,android.permission.READ_PHONE_STATE,common
bank3,android.permission.RECEIVE_BOOT_COMPLETED,common
bank3,android.permission.RECORD_AUDIO,common
bank3,android.permission.USE_BIOMETRIC,common
bank3,android.permission.USE_FINGERPRINT,common
bank3,android.permission.VIBRATE,common
bank3,android.permission.WAKE_LOCK,common
bank3,android.permission.WRITE_CONTACTS,common
bank3,android.permission.WRITE_EXTERNAL_STORAGE,common
bank3,com.google.android.c2dm.permission.RECEIVE,common
bank3,com.google.android.finsky.permission.BIND_GET_INSTALL_REFERRER_SERVICE,common
bank3,com.google.android.gms.permission.AD_ID,common
bank3,com.huawei.appmarket.service.commondata.permission.GET_COMMON_DATA,common
bank3,android.permission.AUTHENTICATE_ACCOUNTS,eu_only
bank3,android.permission.BLUETOOTH_SCAN,eu_only
bank3,android.permission.CHANGE_NETWORK_STATE,eu_only
bank3,android.permission.DETECT_SCREEN_CAPTURE,eu_only
bank3,android.permission.DETECT_SCREEN_RECORDING,eu_only
bank3,android.permission.FOREGROUND_SERVICE_MEDIA_PROJECTION,eu_only
bank3,android.permission.FOREGROUND_SERVICE_MICROPHONE,eu_only
bank3,android.permission.FOREGROUND_SERVICE_PHONE_CALL,eu_only
bank3,android.permission.HIGH_SAMPLING_RATE_SENSORS,eu_only
bank3,android.permission.MANAGE_OWN_CALLS,eu_only
bank3,android.permission.MODIFY_AUDIO_SETTINGS,eu_only
bank3,android.permission.QUERY_ALL_PACKAGES,eu_only
bank3,android.permission.READ_PHONE_NUMBERS,eu_only
bank3,android.permission.READ_SYNC_SETTINGS,eu_only
bank3,android.permission.USE_FULL_SCREEN_INTENT,eu_only
bank3,android.permission.WRITE_SYNC_SETTINGS,eu_only
bank3,com.revolut.chat_client.permission.C2D_MESSAGE,eu_only
bank3,com.revolut.revolut.DYNAMIC_RECEIVER_NOT_EXPORTED_PERMISSION,eu_only
bank3,com.revolut.revolut.lpa.permission.BROADCAST,eu_only
bank3,android.permission.READ_MEDIA_IMAGES,ru_only
bank3,android.permission.REQUEST_IGNORE_BATTERY_OPTIMIZATIONS,ru_only
bank3,android.permission.REQUEST_INSTALL_PACKAGES,ru_only
bank3,android.permission.UPDATE_PACKAGES_WITHOUT_USER_ACTION,ru_only
bank3,android.permission.USB_PERMISSION,ru_only
bank3,android.permission.USE_SPI,ru_only
bank3,android.permission.health.READ_STEPS,ru_only
bank3,com.google.android.providers.gsf.permission.READ_GSERVICES,ru_only
bank3,com.huawei.permission.ACCESS_HW_KEYSTORE,ru_only
bank3,ru.alfabank.oavdo.amc.DYNAMIC_RECEIVER_NOT_EXPORTED_PERMISSION,ru_only
bank3,ru.alfabank.oavdo.amc.permission.C2D_MESSAGE,ru_only
bank3,ru.alfabank.oavdo.amc.permission.PROCESS_PUSH_MSG,ru_only
bank3,ru.alfabank.oavdo.amc.permission.PUSH_CLEAR,ru_only
bank3,ru.alfabank.oavdo.amc.permission.PUSH_PROVIDER,ru_only
bank3,ru.alfabank.oavdo.amc.permission.pushserver.RECEIVE,ru_only
bank4,android.permission.ACCESS_FINE_LOCATION,common
bank4,android.permission.ACCESS_NETWORK_STATE,common
bank4,android.permission.ACCESS_WIFI_STATE,common
bank4,android.permission.CAMERA,common
bank4,android.permission.DETECT_SCREEN_CAPTURE,common
bank4,android.permission.DOWNLOAD_WITHOUT_NOTIFICATION,common
bank4,android.permission.FOREGROUND_SERVICE,common
bank4,android.permission.INTERNET,common
bank4,android.permission.MODIFY_AUDIO_SETTINGS,common
bank4,android.permission.POST_NOTIFICATIONS,common
bank4,android.permission.READ_EXTERNAL_STORAGE,common
bank4,android.permission.READ_PHONE_STATE,common
bank4,android.permission.RECEIVE_BOOT_COMPLETED,common
bank4,android.permission.RECORD_AUDIO,common
bank4,android.permission.SYSTEM_ALERT_WINDOW,common
bank4,android.permission.USE_BIOMETRIC,common
bank4,android.permission.USE_FINGERPRINT,common
bank4,android.permission.VIBRATE,common
bank4,android.permission.WAKE_LOCK,common
bank4,android.permission.WRITE_EXTERNAL_STORAGE,common
bank4,com.google.android.c2dm.permission.RECEIVE,common
bank4,com.google.android.finsky.permission.BIND_GET_INSTALL_REFERRER_SERVICE,common
bank4,android.permission.ACCESS_ADSERVICES_AD_ID,eu_only
bank4,android.permission.ACCESS_ADSERVICES_ATTRIBUTION,eu_only
bank4,android.permission.FLASHLIGHT,eu_only
bank4,com.bil.android.DYNAMIC_RECEIVER_NOT_EXPORTED_PERMISSION,eu_only
bank4,android.permission.ACCESS_BACKGROUND_LOCATION,ru_only
bank4,android.permission.ACCESS_COARSE_LOCATION,ru_only
bank4,android.permission.AUTHENTICATE_ACCOUNTS,ru_only
bank4,android.permission.BIND_REMOTEVIEWS,ru_only
bank4,android.permission.BLUETOOTH,ru_only
bank4,android.permission.BLUETOOTH_ADVERTISE,ru_only
bank4,android.permission.BLUETOOTH_CONNECT,ru_only
bank4,android.permission.BLUETOOTH_SCAN,ru_only
bank4,android.permission.BROADCAST_STICKY,ru_only
bank4,android.permission.CALL_PHONE,ru_only
bank4,android.permission.CHANGE_WIFI_STATE,ru_only
bank4,android.permission.DETECT_SCREEN_RECORDING,ru_only
bank4,android.permission.GET_ACCOUNTS,ru_only
bank4,android.permission.GET_TASKS,ru_only
bank4,android.permission.MANAGE_ACCOUNTS,ru_only
bank4,android.permission.MANAGE_EXTERNAL_STORAGE,ru_only
bank4,android.permission.NFC,ru_only
bank4,android.permission.READ_CALENDAR,ru_only
bank4,android.permission.READ_CONTACTS,ru_only
bank4,android.permission.READ_MEDIA_AUDIO,ru_only
bank4,android.permission.READ_MEDIA_IMAGES,ru_only
bank4,android.permission.READ_MEDIA_VIDEO,ru_only
bank4,android.permission.READ_SYNC_SETTINGS,ru_only
bank4,android.permission.REORDER_TASKS,ru_only
bank4,android.permission.REQUEST_IGNORE_BATTERY_OPTIMIZATIONS,ru_only
bank4,android.permission.REQUEST_INSTALL_PACKAGES,ru_only
bank4,android.permission.UPDATE_PACKAGES_WITHOUT_USER_ACTION,ru_only
bank4,android.permission.WRITE_CALENDAR,ru_only
bank4,android.permission.WRITE_CONTACTS,ru_only
bank4,android.permission.WRITE_SYNC_SETTINGS,ru_only
bank4,com.android.launcher.permission.INSTALL_SHORTCUT,ru_only
bank4,com.google.android.providers.gsf.permission.READ_GSERVICES,ru_only
bank4,com.samsung.android.providers.context.permission.WRITE_USE_APP_FEATURE_SURVEY,ru_only
bank4,ru.rtlabs.mobile.ebs.gosuslugi.permission.VERIFICATION,ru_only
bank4,ru.rtlabs.mobile.ebs.permission.VERIFICATION,ru_only
bank4,ru.vtb24.mobilebanking.android.DYNAMIC_RECEIVER_NOT_EXPORTED_PERMISSION,ru_only
bank4,ru.vtb24.mobilebanking.android.permission.INIT_EVENT,ru_only
bank4,ru.vtb24.mobilebanking.android.permission.MESSAGING_EVENT,ru_only
bank4,ru.vtb24.mobilebanking.android.permission.PROCESS_PUSH_MSG,ru_only
bank4,ru.vtb24.mobilebanking.android.permission.PUSH_PROVIDER,ru_only
bank4,ru.vtb24.mobilebanking.android.permission.WIDGET_REFRESH_EVENT,ru_only
ecom1,android.permission.ACCESS_COARSE_LOCATION,common
ecom1,android.permission.ACCESS_FINE_LOCATION,common
ecom1,android.permission.ACCESS_NETWORK_STATE,common
ecom1,android.permission.ACCESS_WIFI_STATE,common
ecom1,android.permission.BLUETOOTH,common
ecom1,android.permission.CAMERA,common
ecom1,android.permission.CHANGE_WIFI_STATE,common
ecom1,android.permission.DETECT_SCREEN_CAPTURE,common
ecom1,android.permission.FOREGROUND_SERVICE,common
ecom1,android.permission.INTERNET,common
ecom1,android.permission.NFC,common
ecom1,android.permission.POST_NOTIFICATIONS,common
ecom1,android.permission.READ_BASIC_PHONE_STATE,common
ecom1,android.permission.READ_CONTACTS,common
ecom1,android.permission.READ_EXTERNAL_STORAGE,common
ecom1,android.permission.READ_PHONE_STATE,common
ecom1,android.permission.RECEIVE_BOOT_COMPLETED,common
ecom1,android.permission.USE_BIOMETRIC,common
ecom1,android.permission.USE_FINGERPRINT,common
ecom1,android.permission.VIBRATE,common
ecom1,android.permission.WAKE_LOCK,common
ecom1,android.permission.WRITE_EXTERNAL_STORAGE,common
ecom1,com.google.android.c2dm.permission.RECEIVE,common
ecom1,com.google.android.finsky.permission.BIND_GET_INSTALL_REFERRER_SERVICE,common
ecom1,com.google.android.gms.permission.AD_ID,common
ecom1,amazon.permission.COLLECT_METRICS,eu_only
ecom1,android.permission.ACCESS_BACKGROUND_LOCATION,eu_only
ecom1,android.permission.AUTHENTICATE_ACCOUNTS,eu_only
ecom1,android.permission.BLUETOOTH_ADMIN,eu_only
ecom1,android.permission.BLUETOOTH_ADVERTISE,eu_only
ecom1,android.permission.BLUETOOTH_CONNECT,eu_only
ecom1,android.permission.BLUETOOTH_SCAN,eu_only
ecom1,android.permission.CREDENTIAL_MANAGER_QUERY_CANDIDATE_CREDENTIALS,eu_only
ecom1,android.permission.FLASHLIGHT,eu_only
ecom1,android.permission.FOREGROUND_SERVICE_LOCATION,eu_only
ecom1,android.permission.FOREGROUND_SERVICE_MEDIA_PLAYBACK,eu_only
ecom1,android.permission.GET_ACCOUNTS,eu_only
ecom1,android.permission.HIGH_SAMPLING_RATE_SENSORS,eu_only
ecom1,android.permission.MANAGE_ACCOUNTS,eu_only
ecom1,android.permission.MODIFY_AUDIO_SETTINGS,eu_only
ecom1,android.permission.NEARBY_WIFI_DEVICES,eu_only
ecom1,android.permission.RECORD_AUDIO,eu_only
ecom1,android.permission.USE_CREDENTIALS,eu_only
ecom1,com.amazon.appmanager.preload.permission.READ_PRELOAD_DEVICE_INFO_PROVIDER,eu_only
ecom1,com.amazon.dcp.config.permission.DYN_CONFIG_VALUES_UPDATED,eu_only
ecom1,com.amazon.dcp.metrics.permission.METRICS_PERMISSION,eu_only
ecom1,com.amazon.dcp.settings.permission.READ_SETTINGS,eu_only
ecom1,com.amazon.dcp.sso.permission.AmazonAccountPropertyService.property.changed,eu_only
ecom1,com.amazon.dcp.sso.permission.CUSTOMER_ATTRIBUTE_SERVICE,eu_only
ecom1,com.amazon.dcp.sso.permission.MANAGE_COR_PFM,eu_only
ecom1,com.amazon.dcp.sso.permission.USE_DEVICE_CREDENTIALS,eu_only
ecom1,com.amazon.dcp.sso.permission.account.changed,eu_only
ecom1,com.amazon.identity.auth.device.perm.AUTH_SDK,eu_only
ecom1,com.amazon.identity.permission.CALL_AMAZON_DEVICE_INFORMATION_PROVIDER,eu_only
ecom1,com.amazon.identity.permission.CAN_CALL_MAP_INFORMATION_PROVIDER,eu_only
ecom1,com.amazon.identity.permission.GENERIC_IPC,eu_only
ecom1,com.amazon.mShop.android.shopping.DYNAMIC_RECEIVER_NOT_EXPORTED_PERMISSION,eu_only
ecom1,com.amazon.whisperjoin.deviceprovisioningservice.AllowListPolicyUpdatePermission,eu_only
ecom1,com.amazon.whisperjoin.deviceprovisioningservice.ArcusUpdatePermission,eu_only
ecom1,com.amazon.whisperjoin.deviceprovisioningservice.FFSServiceActionPermission,eu_only
ecom1,com.android.launcher.permission.INSTALL_SHORTCUT,eu_only
ecom1,com.android.launcher.permission.READ_SETTINGS,eu_only
ecom1,com.android.vending.BILLING,eu_only
ecom1,com.android.vending.CHECK_LICENSE,eu_only
ecom1,com.google.android.apps.photos.permission.GOOGLE_PHOTOS,eu_only
ecom1,com.htc.launcher.permission.READ_SETTINGS,eu_only
ecom1,com.htc.launcher.permission.UPDATE_SHORTCUT,eu_only
ecom1,com.sec.android.provider.badge.permission.READ,eu_only
ecom1,com.sec.android.provider.badge.permission.WRITE,eu_only
ecom1,android.permission.CHANGE_NETWORK_STATE,ru_only
ecom1,android.permission.DETECT_SCREEN_RECORDING,ru_only
ecom1,android.permission.READ_CALL_LOG,ru_only
ecom1,android.permission.READ_MEDIA_IMAGES,ru_only
ecom1,android.permission.READ_MEDIA_VIDEO,ru_only
ecom1,android.permission.REQUEST_IGNORE_BATTERY_OPTIMIZATIONS,ru_only
ecom1,com.google.android.providers.gsf.permission.READ_GSERVICES,ru_only
ecom1,ru.ozon.app.android.DYNAMIC_RECEIVER_NOT_EXPORTED_PERMISSION,ru_only
ecom1,ru.ozon.fintech.permission.WRITE_PROVIDER_DATA,ru_only
ecom2,android.permission.ACCESS_ADSERVICES_AD_ID,common
ecom2,android.permission.ACCESS_ADSERVICES_ATTRIBUTION,common
ecom2,android.permission.ACCESS_NETWORK_STATE,common
ecom2,android.permission.ACCESS_WIFI_STATE,common
ecom2,android.permission.CAMERA,common
ecom2,android.permission.FOREGROUND_SERVICE,common
ecom2,android.permission.INTERNET,common
ecom2,android.permission.POST_NOTIFICATIONS,common
ecom2,android.permission.READ_EXTERNAL_STORAGE,common
ecom2,android.permission.READ_MEDIA_IMAGES,common
ecom2,android.permission.READ_MEDIA_VIDEO,common
ecom2,android.permission.RECEIVE_BOOT_COMPLETED,common
ecom2,android.permission.VIBRATE,common
ecom2,android.permission.WAKE_LOCK,common
ecom2,android.permission.WRITE_EXTERNAL_STORAGE,common
ecom2,com.google.android.c2dm.permission.RECEIVE,common
ecom2,com.google.android.finsky.permission.BIND_GET_INSTALL_REFERRER_SERVICE,common
ecom2,com.google.android.gms.permission.AD_ID,common
ecom2,android.permission.FOREGROUND_SERVICE_DATA_SYNC,eu_only
ecom2,android.permission.MICROPHONE,eu_only
ecom2,android.permission.READ_MEDIA_VISUAL_USER_SELECTED,eu_only
ecom2,android.permission.RECORD_AUDIO,eu_only
ecom2,android.permission.SCHEDULE_EXACT_ALARM,eu_only
ecom2,com.adjust.preinstall.READ_PERMISSION,eu_only
ecom2,de.zalando.mobile.DYNAMIC_RECEIVER_NOT_EXPORTED_PERMISSION,eu_only
ecom2,android.permission.ACCESS_COARSE_LOCATION,ru_only
ecom2,android.permission.ACCESS_FINE_LOCATION,ru_only
ecom2,android.permission.AUTHENTICATE_ACCOUNTS,ru_only
ecom2,android.permission.BLUETOOTH,ru_only
ecom2,android.permission.CHANGE_NETWORK_STATE,ru_only
ecom2,android.permission.CHANGE_WIFI_STATE,ru_only
ecom2,android.permission.DETECT_SCREEN_CAPTURE,ru_only
ecom2,android.permission.DOWNLOAD_WITHOUT_NOTIFICATION,ru_only
ecom2,android.permission.GET_ACCOUNTS,ru_only
ecom2,android.permission.MANAGE_ACCOUNTS,ru_only
ecom2,android.permission.NFC,ru_only
ecom2,android.permission.READ_APP_BADGE,ru_only
ecom2,android.permission.READ_CONTACTS,ru_only
ecom2,android.permission.USE_BIOMETRIC,ru_only
ecom2,android.permission.USE_CREDENTIALS,ru_only
ecom2,android.permission.USE_FINGERPRINT,ru_only
ecom2,com.anddoes.launcher.permission.UPDATE_COUNT,ru_only
ecom2,com.google.android.providers.gsf.permission.READ_GSERVICES,ru_only
ecom2,com.htc.launcher.permission.READ_SETTINGS,ru_only
ecom2,com.htc.launcher.permission.UPDATE_SHORTCUT,ru_only
ecom2,com.huawei.android.launcher.permission.CHANGE_BADGE,ru_only
ecom2,com.huawei.android.launcher.permission.READ_SETTINGS,ru_only
ecom2,com.huawei.android.launcher.permission.WRITE_SETTINGS,ru_only
ecom2,com.huawei.appmarket.service.commondata.permission.GET_COMMON_DATA,ru_only
ecom2,com.majeur.launcher.permission.UPDATE_BADGE,ru_only
ecom2,com.oppo.launcher.permission.READ_SETTINGS,ru_only
ecom2,com.oppo.launcher.permission.WRITE_SETTINGS,ru_only
ecom2,com.samsung.android.mapsagent.permission.READ_APP_INFO,ru_only
ecom2,com.sec.android.provider.badge.permission.READ,ru_only
ecom2,com.sec.android.provider.badge.permission.WRITE,ru_only
ecom2,com.sonyericsson.home.permission.BROADCAST_BADGE,ru_only
ecom2,com.sonymobile.home.permission.PROVIDER_INSERT_BADGE,ru_only
ecom2,com.wildberries.ru.DYNAMIC_RECEIVER_NOT_EXPORTED_PERMISSION,ru_only
ecom2,me.everything.badger.permission.BADGE_COUNT_READ,ru_only
ecom2,me.everything.badger.permission.BADGE_COUNT_WRITE,ru_only
ecom3,android.permission.ACCESS_NETWORK_STATE,common
ecom3,android.permission.ACCESS_WIFI_STATE,common
ecom3,android.permission.CAMERA,common
ecom3,android.permission.FOREGROUND_SERVICE,common
ecom3,android.permission.INTERNET,common
ecom3,android.permission.POST_NOTIFICATIONS,common
ecom3,android.permission.USE_BIOMETRIC,common
ecom3,android.permission.USE_FINGERPRINT,common
ecom3,android.permission.VIBRATE,common
ecom3,android.permission.WAKE_LOCK,common
ecom3,android.permission.WRITE_EXTERNAL_STORAGE,common
ecom3,com.google.android.c2dm.permission.RECEIVE,common
ecom3,com.google.android.finsky.permission.BIND_GET_INSTALL_REFERRER_SERVICE,common
ecom3,com.google.android.gms.permission.AD_ID,common
ecom3,android.permission.ACCESS_ADSERVICES_AD_ID,eu_only
ecom3,android.permission.ACCESS_ADSERVICES_ATTRIBUTION,eu_only
ecom3,android.permission.ACCESS_ADSERVICES_TOPICS,eu_only
ecom3,android.permission.DOWNLOAD_WITHOUT_NOTIFICATION,eu_only
ecom3,android.permission.REORDER_TASKS,eu_only
ecom3,com.bol.shop.DYNAMIC_RECEIVER_NOT_EXPORTED_PERMISSION,eu_only
ecom3,com.bol.shop.permission.C2D_MESSAGE,eu_only
ecom3,com.huawei.appmarket.service.commondata.permission.GET_COMMON_DATA,eu_only
ecom3,com.samsung.android.mapsagent.permission.READ_APP_INFO,eu_only
ecom3,com.samsung.android.providers.context.permission.WRITE_USE_APP_FEATURE_SURVEY,eu_only
ecom3,android.permission.ACCESS_COARSE_LOCATION,ru_only
ecom3,android.permission.ACCESS_FINE_LOCATION,ru_only
ecom3,android.permission.AUTHENTICATE_ACCOUNTS,ru_only
ecom3,android.permission.BLUETOOTH_ADMIN,ru_only
ecom3,android.permission.BLUETOOTH_CONNECT,ru_only
ecom3,android.permission.BLUETOOTH_SCAN,ru_only
ecom3,android.permission.CHANGE_WIFI_STATE,ru_only
ecom3,android.permission.DETECT_SCREEN_CAPTURE,ru_only
ecom3,android.permission.FLASHLIGHT,ru_only
ecom3,android.permission.GET_ACCOUNTS,ru_only
ecom3,android.permission.MANAGE_ACCOUNTS,ru_only
ecom3,android.permission.MODIFY_AUDIO_SETTINGS,ru_only
ecom3,android.permission.NFC,ru_only
ecom3,android.permission.READ_CONTACTS,ru_only
ecom3,android.permission.READ_EXTERNAL_STORAGE,ru_only
ecom3,android.permission.READ_MEDIA_VISUAL_USER_SELECTED,ru_only
ecom3,android.permission.RECEIVE_BOOT_COMPLETED,ru_only
ecom3,android.permission.RECORD_AUDIO,ru_only
ecom3,android.permission.USE_CREDENTIALS,ru_only
ecom3,com.adjust.preinstall.READ_PERMISSION,ru_only
ecom3,com.android.vending.BILLING,ru_only
ecom3,com.yandex.permission.AM_COMMUNICATION,ru_only
ecom3,com.yandex.permission.READ_CREDENTIALS,ru_only
ecom3,ru.beru.android.DYNAMIC_RECEIVER_NOT_EXPORTED_PERMISSION,ru_only
ecom4,android.permission.ACCESS_ADSERVICES_AD_ID,common
ecom4,android.permission.ACCESS_ADSERVICES_ATTRIBUTION,common
ecom4,android.permission.ACCESS_COARSE_LOCATION,common
ecom4,android.permission.ACCESS_FINE_LOCATION,common
ecom4,android.permission.ACCESS_NETWORK_STATE,common
ecom4,android.permission.ACCESS_WIFI_STATE,common
ecom4,android.permission.CAMERA,common
ecom4,android.permission.FOREGROUND_SERVICE,common
ecom4,android.permission.INTERNET,common
ecom4,android.permission.POST_NOTIFICATIONS,common
ecom4,android.permission.READ_EXTERNAL_STORAGE,common
ecom4,android.permission.READ_MEDIA_IMAGES,common
ecom4,android.permission.READ_MEDIA_VISUAL_USER_SELECTED,common
ecom4,android.permission.USE_BIOMETRIC,common
ecom4,android.permission.USE_FINGERPRINT,common
ecom4,android.permission.VIBRATE,common
ecom4,android.permission.WAKE_LOCK,common
ecom4,android.permission.WRITE_EXTERNAL_STORAGE,common
ecom4,com.google.android.c2dm.permission.RECEIVE,common
ecom4,com.google.android.finsky.permission.BIND_GET_INSTALL_REFERRER_SERVICE,common
ecom4,com.google.android.gms.permission.AD_ID,common
ecom4,android.permission.ACCESS_ADSERVICES_CUSTOM_AUDIENCE,eu_only
ecom4,android.permission.ACCESS_ADSERVICES_TOPICS,eu_only
ecom4,android.permission.CHANGE_WIFI_STATE,eu_only
ecom4,android.permission.HIDE_OVERLAY_WINDOWS,eu_only
ecom4,android.permission.REORDER_TASKS,eu_only
ecom4,com.applovin.array.apphub.permission.BIND_APPHUB_SERVICE,eu_only
ecom4,com.google.android.providers.gsf.permission.READ_GSERVICES,eu_only
ecom4,fr.vinted.DYNAMIC_RECEIVER_NOT_EXPORTED_PERMISSION,eu_only
ecom4,android.permission.ACCESS_MEDIA_LOCATION,ru_only
ecom4,android.permission.AUTHENTICATE_ACCOUNTS,ru_only
ecom4,android.permission.BLUETOOTH,ru_only
ecom4,android.permission.BLUETOOTH_CONNECT,ru_only
ecom4,android.permission.CALL_PHONE,ru_only
ecom4,android.permission.ENFORCE_UPDATE_OWNERSHIP,ru_only
ecom4,android.permission.FOREGROUND_SERVICE_CAMERA,ru_only
ecom4,android.permission.FOREGROUND_SERVICE_DATA_SYNC,ru_only
ecom4,android.permission.FOREGROUND_SERVICE_MICROPHONE,ru_only
ecom4,android.permission.FOREGROUND_SERVICE_PHONE_CALL,ru_only
ecom4,android.permission.FOREGROUND_SERVICE_SPECIAL_USE,ru_only
ecom4,android.permission.GET_ACCOUNTS,ru_only
ecom4,android.permission.MANAGE_ACCOUNTS,ru_only
ecom4,android.permission.MANAGE_OWN_CALLS,ru_only
ecom4,android.permission.MODIFY_AUDIO_SETTINGS,ru_only
ecom4,android.permission.NFC,ru_only
ecom4,android.permission.READ_CONTACTS,ru_only
ecom4,android.permission.READ_MEDIA_VIDEO,ru_only
ecom4,android.permission.READ_PHONE_STATE,ru_only
ecom4,android.permission.RECEIVE_BOOT_COMPLETED,ru_only
ecom4,android.permission.RECORD_AUDIO,ru_only
ecom4,android.permission.REQUEST_IGNORE_BATTERY_OPTIMIZATIONS,ru_only
ecom4,android.permission.REQUEST_INSTALL_PACKAGES,ru_only
ecom4,android.permission.SYSTEM_ALERT_WINDOW,ru_only
ecom4,android.permission.UPDATE_PACKAGES_WITHOUT_USER_ACTION,ru_only
ecom4,android.permission.USE_CREDENTIALS,ru_only
ecom4,android.permission.USE_FULL_SCREEN_INTENT,ru_only
ecom4,android.permission.WRITE_CONTACTS,ru_only
ecom4,android.permission.WRITE_SETTINGS,ru_only
ecom4,com.avito.android.DYNAMIC_RECEIVER_NOT_EXPORTED_PERMISSION,ru_only
ecom4,com.avito.android.permission.PROCESS_PUSH_MSG,ru_only
ecom4,com.avito.android.permission.PUSH_PROVIDER,ru_only
ecom4,com.huawei.appmarket.service.commondata.permission.GET_COMMON_DATA,ru_only
ecom4,ru.sberbank.mobile.sberid.BIND_PERSONALIZATION_SERVICE,ru_only
gov1,android.permission.ACCESS_COARSE_LOCATION,common
gov1,android.permission.ACCESS_FINE_LOCATION,common
gov1,android.permission.ACCESS_NETWORK_STATE,common
gov1,android.permission.CAMERA,common
gov1,android.permission.INTERNET,common
gov1,android.permission.POST_NOTIFICATIONS,common
gov1,android.permission.READ_EXTERNAL_STORAGE,common
gov1,android.permission.RECEIVE_BOOT_COMPLETED,common
gov1,android.permission.USE_BIOMETRIC,common
gov1,android.permission.USE_FINGERPRINT,common
gov1,android.permission.VIBRATE,common
gov1,android.permission.WAKE_LOCK,common
gov1,com.google.android.c2dm.permission.RECEIVE,common
gov1,android.permission.BATTERY_STATS,eu_only
gov1,android.permission.FLASHLIGHT,eu_only
gov1,com.android.vending.CHECK_LICENSE,eu_only
gov1,lu.etat.fp.gun.android.DYNAMIC_RECEIVER_NOT_EXPORTED_PERMISSION,eu_only
gov1,android.permission.ACCESS_ADSERVICES_AD_ID,ru_only
gov1,android.permission.ACCESS_ADSERVICES_ATTRIBUTION,ru_only
gov1,android.permission.ACCESS_WIFI_STATE,ru_only
gov1,android.permission.CALL_PHONE,ru_only
gov1,android.permission.CHANGE_NETWORK_STATE,ru_only
gov1,android.permission.CHANGE_WIFI_STATE,ru_only
gov1,android.permission.DETECT_SCREEN_CAPTURE,ru_only
gov1,android.permission.FOREGROUND_SERVICE,ru_only
gov1,android.permission.MODIFY_AUDIO_SETTINGS,ru_only
gov1,android.permission.NFC,ru_only
gov1,android.permission.READ_BASIC_PHONE_STATE,ru_only
gov1,android.permission.READ_MEDIA_IMAGES,ru_only
gov1,android.permission.READ_MEDIA_VISUAL_USER_SELECTED,ru_only
gov1,android.permission.RECORD_AUDIO,ru_only
gov1,android.permission.REORDER_TASKS,ru_only
gov1,android.permission.SCHEDULE_EXACT_ALARM,ru_only
gov1,android.permission.WRITE_EXTERNAL_STORAGE,ru_only
gov1,com.fingerprints.service.ACCESS_FINGERPRINT_MANAGER,ru_only
gov1,com.google.android.finsky.permission.BIND_GET_INSTALL_REFERRER_SERVICE,ru_only
gov1,com.google.android.gms.permission.AD_ID,ru_only
gov1,com.samsung.android.providers.context.permission.WRITE_USE_APP_FEATURE_SURVEY,ru_only
gov1,ru.rostel.DYNAMIC_RECEIVER_NOT_EXPORTED_PERMISSION,ru_only
gov2,android.permission.ACCESS_FINE_LOCATION,common
gov2,android.permission.ACCESS_NETWORK_STATE,common
gov2,android.permission.ACCESS_WIFI_STATE,common
gov2,android.permission.CAMERA,common
gov2,android.permission.DOWNLOAD_WITHOUT_NOTIFICATION,common
gov2,android.permission.INTERNET,common
gov2,android.permission.POST_NOTIFICATIONS,common
gov2,android.permission.READ_CALENDAR,common
gov2,android.permission.READ_EXTERNAL_STORAGE,common
gov2,android.permission.RECEIVE_BOOT_COMPLETED,common
gov2,android.permission.USE_BIOMETRIC,common
gov2,android.permission.USE_FINGERPRINT,common
gov2,android.permission.VIBRATE,common
gov2,android.permission.WAKE_LOCK,common
gov2,android.permission.WRITE_CALENDAR,common
gov2,android.permission.WRITE_EXTERNAL_STORAGE,common
gov2,com.fingerprints.service.ACCESS_FINGERPRINT_MANAGER,common
gov2,com.google.android.c2dm.permission.RECEIVE,common
gov2,com.google.android.finsky.permission.BIND_GET_INSTALL_REFERRER_SERVICE,common
gov2,com.samsung.android.providers.context.permission.WRITE_USE_APP_FEATURE_SURVEY,common
gov2,android.permission.READ_APP_BADGE,eu_only
gov2,com.anddoes.launcher.permission.UPDATE_COUNT,eu_only
gov2,com.htc.launcher.permission.READ_SETTINGS,eu_only
gov2,com.htc.launcher.permission.UPDATE_SHORTCUT,eu_only
gov2,com.huawei.android.launcher.permission.CHANGE_BADGE,eu_only
gov2,com.huawei.android.launcher.permission.READ_SETTINGS,eu_only
gov2,com.huawei.android.launcher.permission.WRITE_SETTINGS,eu_only
gov2,com.majeur.launcher.permission.UPDATE_BADGE,eu_only
gov2,com.oppo.launcher.permission.READ_SETTINGS,eu_only
gov2,com.oppo.launcher.permission.WRITE_SETTINGS,eu_only
gov2,com.sec.android.provider.badge.permission.READ,eu_only
gov2,com.sec.android.provider.badge.permission.WRITE,eu_only
gov2,com.sonyericsson.home.permission.BROADCAST_BADGE,eu_only
gov2,com.sonymobile.home.permission.PROVIDER_INSERT_BADGE,eu_only
gov2,fr.gouv.finances.smartphone.android.DYNAMIC_RECEIVER_NOT_EXPORTED_PERMISSION,eu_only
gov2,me.everything.badger.permission.BADGE_COUNT_READ,eu_only
gov2,me.everything.badger.permission.BADGE_COUNT_WRITE,eu_only
gov2,android.permission.ACCESS_NOTIFICATION_POLICY,ru_only
gov2,android.permission.BROADCAST_CLOSE_SYSTEM_DIALOGS,ru_only
gov2,android.permission.FOREGROUND_SERVICE,ru_only
gov2,android.permission.READ_MEDIA_IMAGES,ru_only
gov2,android.permission.SCHEDULE_EXACT_ALARM,ru_only
gov2,com.android.launcher.permission.INSTALL_SHORTCUT,ru_only
gov2,com.android.launcher.permission.UNINSTALL_SHORTCUT,ru_only
gov2,ru.fns.lkfl.DYNAMIC_RECEIVER_NOT_EXPORTED_PERMISSION,ru_only
gov2,ru.fns.lkfl.permission.C2D_MESSAGE,ru_only
gov3,android.permission.ACCESS_NETWORK_STATE,common
gov3,android.permission.CAMERA,common
gov3,android.permission.INTERNET,common
gov3,android.permission.NFC,common
gov3,android.permission.POST_NOTIFICATIONS,common
gov3,android.permission.READ_EXTERNAL_STORAGE,common
gov3,android.permission.READ_PHONE_STATE,common
gov3,android.permission.USE_BIOMETRIC,common
gov3,android.permission.VIBRATE,common
gov3,android.permission.WAKE_LOCK,common
gov3,android.permission.WRITE_EXTERNAL_STORAGE,common
gov3,com.google.android.c2dm.permission.RECEIVE,common
gov3,android.permission.ACCESS_ADSERVICES_AD_ID,eu_only
gov3,android.permission.ACCESS_ADSERVICES_ATTRIBUTION,eu_only
gov3,android.permission.HIDE_OVERLAY_WINDOWS,eu_only
gov3,android.permission.REORDER_TASKS,eu_only
gov3,android.permission.USE_FINGERPRINT,eu_only
gov3,be.bmid.itsme.DYNAMIC_RECEIVER_NOT_EXPORTED_PERMISSION,eu_only
gov3,android.permission.ACCESS_WIFI_STATE,ru_only
gov3,android.permission.RECEIVE_BOOT_COMPLETED,ru_only
gov3,android.permission.RECORD_AUDIO,ru_only
gov3,android.permission.REQUEST_DELETE_PACKAGES,ru_only
gov3,com.google.android.finsky.permission.BIND_GET_INSTALL_REFERRER_SERVICE,ru_only
gov3,ru.rtlabs.mobile.ebs.gosuslugi.android.DYNAMIC_RECEIVER_NOT_EXPORTED_PERMISSION,ru_only
health,android.permission.ACCESS_NETWORK_STATE,common
health,android.permission.FOREGROUND_SERVICE,common
health,android.permission.INTERNET,common
health,android.permission.POST_NOTIFICATIONS,common
health,android.permission.RECEIVE_BOOT_COMPLETED,common
health,android.permission.WAKE_LOCK,common
health,com.google.android.c2dm.permission.RECEIVE,common
health,android.permission.READ_APP_BADGE,eu_only
health,android.permission.READ_PHONE_STATE,eu_only
health,android.permission.VIBRATE,eu_only
health,com.anddoes.launcher.permission.UPDATE_COUNT,eu_only
health,com.htc.launcher.permission.READ_SETTINGS,eu_only
health,com.htc.launcher.permission.UPDATE_SHORTCUT,eu_only
health,com.huawei.android.launcher.permission.CHANGE_BADGE,eu_only
health,com.huawei.android.launcher.permission.READ_SETTINGS,eu_only
health,com.huawei.android.launcher.permission.WRITE_SETTINGS,eu_only
health,com.majeur.launcher.permission.UPDATE_BADGE,eu_only
health,com.oppo.launcher.permission.READ_SETTINGS,eu_only
health,com.oppo.launcher.permission.WRITE_SETTINGS,eu_only
health,com.sec.android.provider.badge.permission.READ,eu_only
health,com.sec.android.provider.badge.permission.WRITE,eu_only
health,com.sonyericsson.home.permission.BROADCAST_BADGE,eu_only
health,com.sonymobile.home.permission.PROVIDER_INSERT_BADGE,eu_only
health,goodsoft.pl.doctenalu.DYNAMIC_RECEIVER_NOT_EXPORTED_PERMISSION,eu_only
health,goodsoft.pl.doctenalu.permission.C2D_MESSAGE,eu_only
health,me.everything.badger.permission.BADGE_COUNT_READ,eu_only
health,me.everything.badger.permission.BADGE_COUNT_WRITE,eu_only
health,android.permission.ACCESS_ADSERVICES_AD_ID,ru_only
health,android.permission.ACCESS_ADSERVICES_ATTRIBUTION,ru_only
health,android.permission.ACCESS_COARSE_LOCATION,ru_only
health,android.permission.ACCESS_FINE_LOCATION,ru_only
health,android.permission.ACCESS_WIFI_STATE,ru_only
health,android.permission.BLUETOOTH,ru_only
health,android.permission.CAMERA,ru_only
health,android.permission.CHANGE_WIFI_STATE,ru_only
health,android.permission.FOREGROUND_SERVICE_MEDIA_PLAYBACK,ru_only
health,android.permission.FOREGROUND_SERVICE_MICROPHONE,ru_only
health,android.permission.MANAGE_OWN_CALLS,ru_only
health,android.permission.MODIFY_AUDIO_SETTINGS,ru_only
health,android.permission.READ_CALENDAR,ru_only
health,android.permission.READ_CONTACTS,ru_only
health,android.permission.READ_EXTERNAL_STORAGE,ru_only
health,android.permission.READ_MEDIA_AUDIO,ru_only
health,android.permission.RECORD_AUDIO,ru_only
health,android.permission.SCHEDULE_EXACT_ALARM,ru_only
health,android.permission.USE_BIOMETRIC,ru_only
health,android.permission.USE_FINGERPRINT,ru_only
health,android.permission.WRITE_CALENDAR,ru_only
health,android.permission.WRITE_EXTERNAL_STORAGE,ru_only
health,android.permission.health.READ_BLOOD_GLUCOSE,ru_only
health,android.permission.health.READ_BLOOD_PRESSURE,ru_only
health,android.permission.health.READ_BODY_TEMPERATURE,ru_only
health,android.permission.health.READ_HEART_RATE,ru_only
health,android.permission.health.READ_OXYGEN_SATURATION,ru_only
health,android.permission.health.READ_WEIGHT,ru_only
health,com.google.android.finsky.permission.BIND_GET_INSTALL_REFERRER_SERVICE,ru_only
health,com.google.android.gms.permission.AD_ID,ru_only
health,com.programmisty.emiasapp.DYNAMIC_RECEIVER_NOT_EXPORTED_PERMISSION,ru_only
health,com.programmisty.emiasapp.permission.PROCESS_PUSH_MSG,ru_only
health,com.programmisty.emiasapp.permission.PUSH_PROVIDER,ru_only
maps,android.permission.ACCESS_ADSERVICES_ATTRIBUTION,common
maps,android.permission.ACCESS_BACKGROUND_LOCATION,common
maps,android.permission.ACCESS_COARSE_LOCATION,common
maps,android.permission.ACCESS_FINE_LOCATION,common
maps,android.permission.ACCESS_NETWORK_STATE,common
maps,android.permission.ACCESS_WIFI_STATE,common
maps,android.permission.ACTIVITY_RECOGNITION,common
maps,android.permission.CAMERA,common
maps,android.permission.CHANGE_WIFI_STATE,common
maps,android.permission.DETECT_SCREEN_CAPTURE,common
maps,android.permission.FOREGROUND_SERVICE,common
maps,android.permission.FOREGROUND_SERVICE_DATA_SYNC,common
maps,android.permission.FOREGROUND_SERVICE_LOCATION,common
maps,android.permission.GET_ACCOUNTS,common
maps,android.permission.INTERNET,common
maps,android.permission.MANAGE_ACCOUNTS,common
maps,android.permission.NFC,common
maps,android.permission.POST_NOTIFICATIONS,common
maps,android.permission.READ_CONTACTS,common
maps,android.permission.READ_EXTERNAL_STORAGE,common
maps,android.permission.READ_MEDIA_IMAGES,common
maps,android.permission.READ_MEDIA_VIDEO,common
maps,android.permission.READ_MEDIA_VISUAL_USER_SELECTED,common
maps,android.permission.RECEIVE_BOOT_COMPLETED,common
maps,android.permission.RECORD_AUDIO,common
maps,android.permission.SCHEDULE_EXACT_ALARM,common
maps,android.permission.USE_CREDENTIALS,common
maps,android.permission.VIBRATE,common
maps,android.permission.WAKE_LOCK,common
maps,android.permission.WRITE_EXTERNAL_STORAGE,common
maps,com.android.launcher.permission.INSTALL_SHORTCUT,common
maps,com.google.android.c2dm.permission.RECEIVE,common
maps,com.google.android.gms.permission.ACTIVITY_RECOGNITION,common
maps,com.google.android.gms.permission.AD_ID,common
maps,com.google.android.gms.permission.CAR_SPEED,common
maps,android.permission.BROADCAST_STICKY,eu_only
maps,android.permission.CHANGE_NETWORK_STATE,eu_only
maps,android.permission.DISABLE_KEYGUARD,eu_only
maps,android.permission.DOWNLOAD_WITHOUT_NOTIFICATION,eu_only
maps,android.permission.FOREGROUND_SERVICE_MEDIA_PROCESSING,eu_only
maps,android.permission.GET_PACKAGE_SIZE,eu_only
maps,android.permission.POST_PROMOTED_NOTIFICATIONS,eu_only
maps,android.permission.READ_SYNC_SETTINGS,eu_only
maps,android.permission.RUN_USER_INITIATED_JOBS,eu_only
maps,android.permission.WRITE_SYNC_SETTINGS,eu_only
maps,com.google.android.apps.maps.DYNAMIC_RECEIVER_NOT_EXPORTED_PERMISSION,eu_only
maps,com.google.android.googlequicksearchbox.permission.LAUNCH_FROM_GMM,eu_only
maps,com.google.android.googlequicksearchbox.permission.LENSVIEW_BROADCAST,eu_only
maps,com.google.android.providers.gsf.permission.READ_GSERVICES,eu_only
maps,android.permission.ACCESS_ADSERVICES_AD_ID,ru_only
maps,android.permission.ACCESS_ADSERVICES_TOPICS,ru_only
maps,android.permission.ACCESS_MEDIA_LOCATION,ru_only
maps,android.permission.AUTHENTICATE_ACCOUNTS,ru_only
maps,android.permission.BLUETOOTH,ru_only
maps,android.permission.BLUETOOTH_ADMIN,ru_only
maps,android.permission.BLUETOOTH_ADVERTISE,ru_only
maps,android.permission.BLUETOOTH_CONNECT,ru_only
maps,android.permission.BLUETOOTH_SCAN,ru_only
maps,android.permission.FOREGROUND_SERVICE_CAMERA,ru_only
maps,android.permission.FOREGROUND_SERVICE_MEDIA_PLAYBACK,ru_only
maps,android.permission.USE_BIOMETRIC,ru_only
maps,android.permission.USE_FINGERPRINT,ru_only
maps,android.permission.WRITE_SETTINGS,ru_only
maps,androidx.car.app.ACCESS_SURFACE,ru_only
maps,androidx.car.app.NAVIGATION_TEMPLATES,ru_only
maps,com.android.vending.BILLING,ru_only
maps,com.google.android.finsky.permission.BIND_GET_INSTALL_REFERRER_SERVICE,ru_only
maps,com.google.android.gms.permission.CAR_VENDOR_EXTENSION,ru_only
maps,com.huawei.appmarket.service.commondata.permission.GET_COMMON_DATA,ru_only
maps,com.samsung.android.mapsagent.permission.READ_APP_INFO,ru_only
maps,com.yandex.alice.icon.permission.READ_STATE,ru_only
maps,com.yandex.permission.AM_COMMUNICATION,ru_only
maps,com.yandex.permission.READ_CREDENTIALS,ru_only
maps,ru.yandex.yandexmaps.DYNAMIC_RECEIVER_NOT_EXPORTED_PERMISSION,ru_only
msg1,android.permission.ACCESS_COARSE_LOCATION,common
msg1,android.permission.ACCESS_FINE_LOCATION,common
msg1,android.permission.ACCESS_NETWORK_STATE,common
msg1,android.permission.ACCESS_WIFI_STATE,common
msg1,android.permission.BLUETOOTH,common
msg1,android.permission.BLUETOOTH_CONNECT,common
msg1,android.permission.CAMERA,common
msg1,android.permission.CHANGE_NETWORK_STATE,common
msg1,android.permission.FOREGROUND_SERVICE,common
msg1,android.permission.FOREGROUND_SERVICE_CAMERA,common
msg1,android.permission.FOREGROUND_SERVICE_DATA_SYNC,common
msg1,android.permission.FOREGROUND_SERVICE_MEDIA_PROJECTION,common
msg1,android.permission.FOREGROUND_SERVICE_MICROPHONE,common
msg1,android.permission.INTERNET,common
msg1,android.permission.MODIFY_AUDIO_SETTINGS,common
msg1,android.permission.POST_NOTIFICATIONS,common
msg1,android.permission.READ_CONTACTS,common
msg1,android.permission.READ_EXTERNAL_STORAGE,common
msg1,android.permission.READ_MEDIA_IMAGES,common
msg1,android.permission.READ_MEDIA_VIDEO,common
msg1,android.permission.READ_MEDIA_VISUAL_USER_SELECTED,common
msg1,android.permission.RECEIVE_BOOT_COMPLETED,common
msg1,android.permission.RECORD_AUDIO,common
msg1,android.permission.REQUEST_INSTALL_PACKAGES,common
msg1,android.permission.USE_BIOMETRIC,common
msg1,android.permission.USE_FINGERPRINT,common
msg1,android.permission.USE_FULL_SCREEN_INTENT,common
msg1,android.permission.VIBRATE,common
msg1,android.permission.WAKE_LOCK,common
msg1,android.permission.WRITE_CONTACTS,common
msg1,android.permission.WRITE_EXTERNAL_STORAGE,common
msg1,com.google.android.gms.permission.AD_ID,common
msg1,com.htc.launcher.permission.READ_SETTINGS,common
msg1,com.htc.launcher.permission.UPDATE_SHORTCUT,common
msg1,com.huawei.android.launcher.permission.CHANGE_BADGE,common
msg1,com.huawei.android.launcher.permission.READ_SETTINGS,common
msg1,com.huawei.android.launcher.permission.WRITE_SETTINGS,common
msg1,com.sec.android.provider.badge.permission.READ,common
msg1,com.sec.android.provider.badge.permission.WRITE,common
msg1,com.sonyericsson.home.permission.BROADCAST_BADGE,common
msg1,com.sonymobile.home.permission.PROVIDER_INSERT_BADGE,common
msg1,android.permission.ACCESS_MEDIA_LOCATION,eu_only
msg1,android.permission.AUTHENTICATE_ACCOUNTS,eu_only
msg1,android.permission.BLUETOOTH_ADMIN,eu_only
msg1,android.permission.BLUETOOTH_ADVERTISE,eu_only
msg1,android.permission.BLUETOOTH_SCAN,eu_only
msg1,android.permission.BROADCAST_STICKY,eu_only
msg1,android.permission.CHANGE_WIFI_STATE,eu_only
msg1,android.permission.DETECT_SCREEN_CAPTURE,eu_only
msg1,android.permission.FOREGROUND_SERVICE_LOCATION,eu_only
msg1,android.permission.FOREGROUND_SERVICE_PHONE_CALL,eu_only
msg1,android.permission.GET_ACCOUNTS,eu_only
msg1,android.permission.GET_TASKS,eu_only
msg1,android.permission.INSTALL_SHORTCUT,eu_only
msg1,android.permission.MANAGE_ACCOUNTS,eu_only
msg1,android.permission.MANAGE_OWN_CALLS,eu_only
msg1,android.permission.NEARBY_WIFI_DEVICES,eu_only
msg1,android.permission.NFC,eu_only
msg1,android.permission.READ_BASIC_PHONE_STATE,eu_only
msg1,android.permission.READ_MEDIA_AUDIO,eu_only
msg1,android.permission.READ_PHONE_NUMBERS,eu_only
msg1,android.permission.READ_PHONE_STATE,eu_only
msg1,android.permission.READ_PROFILE,eu_only
msg1,android.permission.READ_SYNC_SETTINGS,eu_only
msg1,android.permission.READ_SYNC_STATS,eu_only
msg1,android.permission.RECEIVE_SMS,eu_only
msg1,android.permission.RUN_USER_INITIATED_JOBS,eu_only
msg1,android.permission.SCHEDULE_EXACT_ALARM,eu_only
msg1,android.permission.SEND_SMS,eu_only
msg1,android.permission.USE_CREDENTIALS,eu_only
msg1,android.permission.WRITE_SYNC_SETTINGS,eu_only
msg1,com.android.launcher.permission.INSTALL_SHORTCUT,eu_only
msg1,com.android.launcher.permission.UNINSTALL_SHORTCUT,eu_only
msg1,com.android.vending.BILLING,eu_only
msg1,com.facebook.services.identity.FEO2,eu_only
msg1,com.google.android.c2dm.permission.RECEIVE,eu_only
msg1,com.google.android.finsky.permission.BIND_GET_INSTALL_REFERRER_SERVICE,eu_only
msg1,com.google.android.providers.gsf.permission.READ_GSERVICES,eu_only
msg1,com.whatsapp.DYNAMIC_RECEIVER_NOT_EXPORTED_PERMISSION,eu_only
msg1,com.whatsapp.permission.BROADCAST,eu_only
msg1,com.whatsapp.permission.MAPS_RECEIVE,eu_only
msg1,com.whatsapp.permission.REGISTRATION,eu_only
msg1,com.whatsapp.sticker.READ,eu_only
msg1,android.permission.FOREGROUND_SERVICE_MEDIA_PLAYBACK,ru_only
msg1,android.permission.READ_APP_BADGE,ru_only
msg1,android.permission.SYSTEM_ALERT_WINDOW,ru_only
msg1,com.anddoes.launcher.permission.UPDATE_COUNT,ru_only
msg1,com.majeur.launcher.permission.UPDATE_BADGE,ru_only
msg1,com.oppo.launcher.permission.READ_SETTINGS,ru_only
msg1,com.oppo.launcher.permission.WRITE_SETTINGS,ru_only
msg1,me.everything.badger.permission.BADGE_COUNT_READ,ru_only
msg1,me.everything.badger.permission.BADGE_COUNT_WRITE,ru_only
msg1,ru.oneme.app.DYNAMIC_RECEIVER_NOT_EXPORTED_PERMISSION,ru_only
msg2,android.permission.ACCESS_NETWORK_STATE,common
msg2,android.permission.ACCESS_WIFI_STATE,common
msg2,android.permission.AUTHENTICATE_ACCOUNTS,common
msg2,android.permission.BLUETOOTH,common
msg2,android.permission.BLUETOOTH_CONNECT,common
msg2,android.permission.CAMERA,common
msg2,android.permission.FOREGROUND_SERVICE,common
msg2,android.permission.GET_ACCOUNTS,common
msg2,android.permission.INTERNET,common
msg2,android.permission.MANAGE_ACCOUNTS,common
msg2,android.permission.MODIFY_AUDIO_SETTINGS,common
msg2,android.permission.POST_NOTIFICATIONS,common
msg2,android.permission.READ_EXTERNAL_STORAGE,common
msg2,android.permission.READ_MEDIA_IMAGES,common
msg2,android.permission.READ_MEDIA_VIDEO,common
msg2,android.permission.READ_PHONE_STATE,common
msg2,android.permission.RECEIVE_BOOT_COMPLETED,common
msg2,android.permission.RECORD_AUDIO,common
msg2,android.permission.WAKE_LOCK,common
msg2,android.permission.WRITE_EXTERNAL_STORAGE,common
msg2,android.permission.ACCESS_BACKGROUND_LOCATION,eu_only
msg2,android.permission.ACCESS_COARSE_LOCATION,eu_only
msg2,android.permission.ACCESS_FINE_LOCATION,eu_only
msg2,android.permission.ACCESS_MEDIA_LOCATION,eu_only
msg2,android.permission.CALL_PHONE,eu_only
msg2,android.permission.FOREGROUND_SERVICE_CAMERA,eu_only
msg2,android.permission.FOREGROUND_SERVICE_DATA_SYNC,eu_only
msg2,android.permission.FOREGROUND_SERVICE_LOCATION,eu_only
msg2,android.permission.FOREGROUND_SERVICE_MEDIA_PLAYBACK,eu_only
msg2,android.permission.FOREGROUND_SERVICE_MEDIA_PROJECTION,eu_only
msg2,android.permission.FOREGROUND_SERVICE_MICROPHONE,eu_only
msg2,android.permission.INSTALL_SHORTCUT,eu_only
msg2,android.permission.MANAGE_OWN_CALLS,eu_only
msg2,android.permission.READ_APP_BADGE,eu_only
msg2,android.permission.READ_CALL_LOG,eu_only
msg2,android.permission.READ_CLIPBOARD,eu_only
msg2,android.permission.READ_CONTACTS,eu_only
msg2,android.permission.READ_MEDIA_AUDIO,eu_only
msg2,android.permission.READ_PHONE_NUMBERS,eu_only
msg2,android.permission.READ_PROFILE,eu_only
msg2,android.permission.READ_SYNC_SETTINGS,eu_only
msg2,android.permission.REQUEST_INSTALL_PACKAGES,eu_only
msg2,android.permission.SYSTEM_ALERT_WINDOW,eu_only
msg2,android.permission.USE_BIOMETRIC,eu_only
msg2,android.permission.USE_FINGERPRINT,eu_only
msg2,android.permission.USE_FULL_SCREEN_INTENT,eu_only
msg2,android.permission.VIBRATE,eu_only
msg2,android.permission.WRITE_CONTACTS,eu_only
msg2,android.permission.WRITE_SYNC_SETTINGS,eu_only
msg2,com.anddoes.launcher.permission.UPDATE_COUNT,eu_only
msg2,com.android.launcher.permission.INSTALL_SHORTCUT,eu_only
msg2,com.android.launcher.permission.UNINSTALL_SHORTCUT,eu_only
msg2,com.android.vending.BILLING,eu_only
msg2,com.google.android.c2dm.permission.RECEIVE,eu_only
msg2,com.google.android.providers.gsf.permission.READ_GSERVICES,eu_only
msg2,com.htc.launcher.permission.READ_SETTINGS,eu_only
msg2,com.htc.launcher.permission.UPDATE_SHORTCUT,eu_only
msg2,com.huawei.android.launcher.permission.CHANGE_BADGE,eu_only
msg2,com.huawei.android.launcher.permission.READ_SETTINGS,eu_only
msg2,com.huawei.android.launcher.permission.WRITE_SETTINGS,eu_only
msg2,com.majeur.launcher.permission.UPDATE_BADGE,eu_only
msg2,com.oppo.launcher.permission.READ_SETTINGS,eu_only
msg2,com.oppo.launcher.permission.WRITE_SETTINGS,eu_only
msg2,com.sec.android.provider.badge.permission.READ,eu_only
msg2,com.sec.android.provider.badge.permission.WRITE,eu_only
msg2,com.sonyericsson.home.permission.BROADCAST_BADGE,eu_only
msg2,com.sonymobile.home.permission.PROVIDER_INSERT_BADGE,eu_only
msg2,me.everything.badger.permission.BADGE_COUNT_READ,eu_only
msg2,me.everything.badger.permission.BADGE_COUNT_WRITE,eu_only
msg2,org.telegram.messenger.DYNAMIC_RECEIVER_NOT_EXPORTED_PERMISSION,eu_only
msg2,org.telegram.messenger.permission.MAPS_RECEIVE,eu_only
msg2,android.permission.FLASHLIGHT,ru_only
msg2,android.permission.READ_MEDIA_VISUAL_USER_SELECTED,ru_only
msg2,android.permission.SCHEDULE_EXACT_ALARM,ru_only
msg2,android.permission.USE_CREDENTIALS,ru_only
msg2,com.google.android.finsky.permission.BIND_GET_INSTALL_REFERRER_SERVICE,ru_only
msg2,com.google.android.gms.permission.AD_ID,ru_only
msg2,com.yandex.permission.AM_COMMUNICATION,ru_only
msg2,com.yandex.permission.READ_CREDENTIALS,ru_only
msg2,ru.yandex.telemost.DYNAMIC_RECEIVER_NOT_EXPORTED_PERMISSION,ru_only
rail1,android.permission.ACCESS_COARSE_LOCATION,common
rail1,android.permission.ACCESS_FINE_LOCATION,common
rail1,android.permission.ACCESS_NETWORK_STATE,common
rail1,android.permission.ACCESS_WIFI_STATE,common
rail1,android.permission.CAMERA,common
rail1,android.permission.FOREGROUND_SERVICE,common
rail1,android.permission.INTERNET,common
rail1,android.permission.NFC,common
rail1,android.permission.POST_NOTIFICATIONS,common
rail1,android.permission.READ_EXTERNAL_STORAGE,common
rail1,android.permission.READ_PHONE_STATE,common
rail1,android.permission.RECEIVE_BOOT_COMPLETED,common
rail1,android.permission.WAKE_LOCK,common
rail1,com.google.android.c2dm.permission.RECEIVE,common
rail1,com.google.android.finsky.permission.BIND_GET_INSTALL_REFERRER_SERVICE,common
rail1,android.permission.ACCESS_SUPERUSER,eu_only
rail1,com.google.android.gms.permission.AD_ID,eu_only
rail1,de.hafas.android.db.DYNAMIC_RECEIVER_NOT_EXPORTED_PERMISSION,eu_only
rail1,de.hafas.android.db.KRV_BROADCAST_PERMISSION,eu_only
rail1,android.permission.ACCESS_ADSERVICES_AD_ID,ru_only
rail1,android.permission.ACCESS_ADSERVICES_ATTRIBUTION,ru_only
rail1,android.permission.ACCESS_BACKGROUND_LOCATION,ru_only
rail1,android.permission.BLUETOOTH,ru_only
rail1,android.permission.BLUETOOTH_ADMIN,ru_only
rail1,android.permission.BLUETOOTH_ADVERTISE,ru_only
rail1,android.permission.BLUETOOTH_CONNECT,ru_only
rail1,android.permission.BLUETOOTH_SCAN,ru_only
rail1,android.permission.C2D_MESSAGE,ru_only
rail1,android.permission.CHANGE_WIFI_STATE,ru_only
rail1,android.permission.DETECT_SCREEN_CAPTURE,ru_only
rail1,android.permission.DOWNLOAD_WITHOUT_NOTIFICATION,ru_only
rail1,android.permission.FOREGROUND_SERVICE_DATA_SYNC,ru_only
rail1,android.permission.FOREGROUND_SERVICE_LOCATION,ru_only
rail1,android.permission.HIGH_SAMPLING_RATE_SENSORS,ru_only
rail1,android.permission.MI,ru_only
rail1,android.permission.MODIFY_AUDIO_SETTINGS,ru_only
rail1,android.permission.NEARBY_WIFI_DEVICES,ru_only
rail1,android.permission.READ_APP_BADGE,ru_only
rail1,android.permission.READ_CALENDAR,ru_only
rail1,android.permission.READ_INTERNAL_STORAGE,ru_only
rail1,android.permission.RECEIVE_ADM_MESSAGE,ru_only
rail1,android.permission.RECORD_AUDIO,ru_only
rail1,android.permission.SYSTEM_ALERT_WINDOW,ru_only
rail1,android.permission.USE_BIOMETRIC,ru_only
rail1,android.permission.USE_FINGERPRINT,ru_only
rail1,android.permission.VIBRATE,ru_only
rail1,android.permission.WRITE_CALENDAR,ru_only
rail1,android.permission.WRITE_EXTERNAL_STORAGE,ru_only
rail1,com.anddoes.launcher.permission.UPDATE_COUNT,ru_only
rail1,com.android.alarm.permission.SET_ALARM,ru_only
rail1,com.google.android.providers.gsf.permission.READ_GSERVICES,ru_only
rail1,com.htc.launcher.permission.READ_SETTINGS,ru_only
rail1,com.htc.launcher.permission.UPDATE_SHORTCUT,ru_only
rail1,com.huawei.android.launcher.permission.CHANGE_BADGE,ru_only
rail1,com.huawei.android.launcher.permission.READ_SETTINGS,ru_only
rail1,com.huawei.android.launcher.permission.WRITE_SETTINGS,ru_only
rail1,com.majeur.launcher.permission.UPDATE_BADGE,ru_only
rail1,com.oppo.launcher.permission.READ_SETTINGS,ru_only
rail1,com.oppo.launcher.permission.WRITE_SETTINGS,ru_only
rail1,com.sec.android.provider.badge.permission.READ,ru_only
rail1,com.sec.android.provider.badge.permission.WRITE,ru_only
rail1,com.sonyericsson.home.permission.BROADCAST_BADGE,ru_only
rail1,com.sonymobile.home.permission.PROVIDER_INSERT_BADGE,ru_only
rail1,me.everything.badger.permission.BADGE_COUNT_READ,ru_only
rail1,me.everything.badger.permission.BADGE_COUNT_WRITE,ru_only
rail1,ru.rzd.pass.DYNAMIC_RECEIVER_NOT_EXPORTED_PERMISSION,ru_only
rail2,android.permission.ACCESS_COARSE_LOCATION,common
rail2,android.permission.ACCESS_FINE_LOCATION,common
rail2,android.permission.ACCESS_NETWORK_STATE,common
rail2,android.permission.FOREGROUND_SERVICE,common
rail2,android.permission.INTERNET,common
rail2,android.permission.POST_NOTIFICATIONS,common
rail2,android.permission.RECEIVE_BOOT_COMPLETED,common
rail2,android.permission.SCHEDULE_EXACT_ALARM,common
rail2,android.permission.VIBRATE,common
rail2,android.permission.WAKE_LOCK,common
rail2,com.google.android.c2dm.permission.RECEIVE,common
rail2,com.google.android.gms.permission.AD_ID,common
rail2,android.permission.FOREGROUND_SERVICE_LOCATION,eu_only
rail2,android.permission.READ_CONTACTS,eu_only
rail2,com.android.launcher.permission.INSTALL_SHORTCUT,eu_only
rail2,de.hafas.android.cdt.DYNAMIC_RECEIVER_NOT_EXPORTED_PERMISSION,eu_only
rail2,de.hafas.android.cdt.permission.INTERAPP,eu_only
rail2,android.permission.ACCESS_WIFI_STATE,ru_only
rail2,android.permission.AUTHENTICATE_ACCOUNTS,ru_only
rail2,android.permission.CAMERA,ru_only
rail2,android.permission.CHANGE_WIFI_STATE,ru_only
rail2,android.permission.DISABLE_KEYGUARD,ru_only
rail2,android.permission.FOREGROUND_SERVICE_DATA_SYNC,ru_only
rail2,android.permission.GET_ACCOUNTS,ru_only
rail2,android.permission.MANAGE_ACCOUNTS,ru_only
rail2,android.permission.NFC,ru_only
rail2,android.permission.QUICKBOOT_POWERON,ru_only
rail2,android.permission.USE_CREDENTIALS,ru_only
rail2,android.permission.USE_FULL_SCREEN_INTENT,ru_only
rail2,android.permission.WRITE_EXTERNAL_STORAGE,ru_only
rail2,com.google.android.finsky.permission.BIND_GET_INSTALL_REFERRER_SERVICE,ru_only
rail2,com.yandex.permission.AM_COMMUNICATION,ru_only
rail2,com.yandex.permission.READ_CREDENTIALS,ru_only
rail2,ru.yandex.rasp.DYNAMIC_RECEIVER_NOT_EXPORTED_PERMISSION,ru_only
social1,android.permission.ACCESS_COARSE_LOCATION,common
social1,android.permission.ACCESS_FINE_LOCATION,common
social1,android.permission.ACCESS_MEDIA_LOCATION,common
social1,android.permission.ACCESS_NETWORK_STATE,common
social1,android.permission.ACCESS_WIFI_STATE,common
social1,android.permission.AUTHENTICATE_ACCOUNTS,common
social1,android.permission.BLUETOOTH,common
social1,android.permission.CAMERA,common
social1,android.permission.CHANGE_NETWORK_STATE,common
social1,android.permission.CHANGE_WIFI_STATE,common
social1,android.permission.DETECT_SCREEN_CAPTURE,common
social1,android.permission.FOREGROUND_SERVICE,common
social1,android.permission.FOREGROUND_SERVICE_DATA_SYNC,common
social1,android.permission.FOREGROUND_SERVICE_MEDIA_PLAYBACK,common
social1,android.permission.FOREGROUND_SERVICE_MEDIA_PROJECTION,common
social1,android.permission.FOREGROUND_SERVICE_MICROPHONE,common
social1,android.permission.GET_ACCOUNTS,common
social1,android.permission.INTERNET,common
social1,android.permission.MODIFY_AUDIO_SETTINGS,common
social1,android.permission.POST_NOTIFICATIONS,common
social1,android.permission.READ_CALENDAR,common
social1,android.permission.READ_CONTACTS,common
social1,android.permission.READ_EXTERNAL_STORAGE,common
social1,android.permission.READ_MEDIA_IMAGES,common
social1,android.permission.READ_MEDIA_VIDEO,common
social1,android.permission.READ_MEDIA_VISUAL_USER_SELECTED,common
social1,android.permission.READ_PHONE_STATE,common
social1,android.permission.READ_SYNC_SETTINGS,common
social1,android.permission.RECEIVE_BOOT_COMPLETED,common
social1,android.permission.RECORD_AUDIO,common
social1,android.permission.SYSTEM_ALERT_WINDOW,common
social1,android.permission.USE_BIOMETRIC,common
social1,android.permission.USE_FINGERPRINT,common
social1,android.permission.USE_FULL_SCREEN_INTENT,common
social1,android.permission.VIBRATE,common
social1,android.permission.WAKE_LOCK,common
social1,android.permission.WRITE_CALENDAR,common
social1,android.permission.WRITE_CONTACTS,common
social1,android.permission.WRITE_EXTERNAL_STORAGE,common
social1,android.permission.WRITE_SYNC_SETTINGS,common
social1,com.android.launcher.permission.INSTALL_SHORTCUT,common
social1,com.android.vending.BILLING,common
social1,com.google.android.c2dm.permission.RECEIVE,common
social1,com.google.android.finsky.permission.BIND_GET_INSTALL_REFERRER_SERVICE,common
social1,com.google.android.gms.permission.AD_ID,common
social1,com.google.android.providers.gsf.permission.READ_GSERVICES,common
social1,com.htc.launcher.permission.READ_SETTINGS,common
social1,com.htc.launcher.permission.UPDATE_SHORTCUT,common
social1,com.sec.android.provider.badge.permission.READ,common
social1,com.sec.android.provider.badge.permission.WRITE,common
social1,com.sonyericsson.home.permission.BROADCAST_BADGE,common
social1,com.sonymobile.home.permission.PROVIDER_INSERT_BADGE,common
social1,android.permission.ACCESS_ADSERVICES_AD_ID,eu_only
social1,android.permission.ACCESS_ADSERVICES_ATTRIBUTION,eu_only
social1,android.permission.ACCESS_ADSERVICES_CUSTOM_AUDIENCE,eu_only
social1,android.permission.ACCESS_ADSERVICES_TOPICS,eu_only
social1,android.permission.BATTERY_STATS,eu_only
social1,android.permission.BLUETOOTH_CONNECT,eu_only
social1,android.permission.BROADCAST_STICKY,eu_only
social1,android.permission.CAPTURE_VIDEO_OUTPUT,eu_only
social1,android.permission.CREDENTIAL_MANAGER_SET_ALLOWED_PROVIDERS,eu_only
social1,android.permission.DETECT_SCREEN_RECORDING,eu_only
social1,android.permission.DOWNLOAD_WITHOUT_NOTIFICATION,eu_only
social1,android.permission.FOREGROUND_SERVICE_CAMERA,eu_only
social1,android.permission.FOREGROUND_SERVICE_CONNECTED_DEVICE,eu_only
social1,android.permission.FOREGROUND_SERVICE_PHONE_CALL,eu_only
social1,android.permission.GET_TASKS,eu_only
social1,android.permission.MANAGE_ACCOUNTS,eu_only
social1,android.permission.MANAGE_OWN_CALLS,eu_only
social1,android.permission.NFC,eu_only
social1,android.permission.READ_BASIC_PHONE_STATE,eu_only
social1,android.permission.READ_PROFILE,eu_only
social1,android.permission.REORDER_TASKS,eu_only
social1,android.permission.REQUEST_IGNORE_BATTERY_OPTIMIZATIONS,eu_only
social1,android.permission.RUN_USER_INITIATED_JOBS,eu_only
social1,com.amazon.device.messaging.permission.RECEIVE,eu_only
social1,com.facebook.appmanager.UNPROTECTED_API_ACCESS,eu_only
social1,com.facebook.katana.DYNAMIC_RECEIVER_NOT_EXPORTED_PERMISSION,eu_only
social1,com.facebook.katana.permission.CREATE_SHORTCUT,eu_only
social1,com.facebook.katana.permission.CROSS_PROCESS_BROADCAST_MANAGER,eu_only
social1,com.facebook.katana.permission.RECEIVE_ADM_MESSAGE,eu_only
social1,com.facebook.katana.provider.ACCESS,eu_only
social1,com.facebook.mlite.provider.ACCESS,eu_only
social1,com.facebook.orca.provider.ACCESS,eu_only
social1,com.facebook.pages.app.provider.ACCESS,eu_only
social1,com.facebook.permission.prod.FB_APP_COMMUNICATION,eu_only
social1,com.facebook.receiver.permission.ACCESS,eu_only
social1,com.facebook.services.identity.FEO2,eu_only
social1,com.motorola.launcher3.permission.UNREAD_BADGE,eu_only
social1,com.nokia.pushnotifications.permission.RECEIVE,eu_only
social1,com.oculus.twilight.provider.ACCESS,eu_only
social1,android.gms.permission.ACTIVITY_RECOGNITION,ru_only
social1,android.permission.ACTIVITY_RECOGNITION,ru_only
social1,android.permission.CALL_PHONE,ru_only
social1,android.permission.QUICKBOOT_POWERON,ru_only
social1,android.permission.READ_APP_BADGE,ru_only
social1,android.permission.READ_CALL_LOG,ru_only
social1,android.permission.READ_PHONE_NUMBERS,ru_only
social1,android.permission.health.READ_DISTANCE,ru_only
social1,android.permission.health.READ_EXERCISE,ru_only
social1,android.permission.health.READ_STEPS,ru_only
social1,android.permission.health.READ_TOTAL_CALORIES_BURNED,ru_only
social1,android.provider.Telephony.SMS_RECEIVED,ru_only
social1,com.anddoes.launcher.permission.UPDATE_COUNT,ru_only
social1,com.huawei.android.launcher.permission.CHANGE_BADGE,ru_only
social1,com.huawei.android.launcher.permission.READ_SETTINGS,ru_only
social1,com.huawei.android.launcher.permission.WRITE_SETTINGS,ru_only
social1,com.huawei.permission.SECURITY_DIAGNOSE,ru_only
social1,com.majeur.launcher.permission.UPDATE_BADGE,ru_only
social1,com.oppo.launcher.permission.READ_SETTINGS,ru_only
social1,com.oppo.launcher.permission.WRITE_SETTINGS,ru_only
social1,com.uma.musicvk.usersstore.permission.LOAD,ru_only
social1,com.uma.musicvk.usersstore.permission.SAVE,ru_only
social1,com.vk.blockstore.permission.DELETE,ru_only
social1,com.vk.calls.usersstore.permission.LOAD,ru_only
social1,com.vk.calls.usersstore.permission.SAVE,ru_only
social1,com.vk.clips.usersstore.permission.LOAD,ru_only
social1,com.vk.clips.usersstore.permission.SAVE,ru_only
social1,com.vk.im.usersstore.permission.LOAD,ru_only
social1,com.vk.im.usersstore.permission.SAVE,ru_only
social1,com.vk.love.usersstore.permission.LOAD,ru_only
social1,com.vk.love.usersstore.permission.SAVE,ru_only
social1,com.vk.vkvideo.usersstore.permission.LOAD,ru_only
social1,com.vk.vkvideo.usersstore.permission.SAVE,ru_only
social1,com.vkontakte.android.DYNAMIC_RECEIVER_NOT_EXPORTED_PERMISSION,ru_only
social1,com.vkontakte.android.permission.ACCESS_DATA,ru_only
social1,com.vkontakte.android.permission.APP_REDIRECT,ru_only
social1,com.vkontakte.android.permission.MAPS_RECEIVE,ru_only
social1,live.vkplay.app.usersstore.permission.LOAD,ru_only
social1,live.vkplay.app.usersstore.permission.SAVE,ru_only
social1,me.everything.badger.permission.BADGE_COUNT_READ,ru_only
social1,me.everything.badger.permission.BADGE_COUNT_WRITE,ru_only
social1,ru.mail.mailapp.usersstore.permission.LOAD,ru_only
social1,ru.mail.mailapp.usersstore.permission.SAVE,ru_only
social1,ru.vk.store.usersstore.permission.LOAD,ru_only
social1,ru.vk.store.usersstore.permission.SAVE,ru_only
social2,android.permission.ACCESS_ADSERVICES_AD_ID,common
social2,android.permission.ACCESS_ADSERVICES_ATTRIBUTION,common
social2,android.permission.ACCESS_ADSERVICES_TOPICS,common
social2,android.permission.ACCESS_COARSE_LOCATION,common
social2,android.permission.ACCESS_FINE_LOCATION,common
social2,android.permission.ACCESS_NETWORK_STATE,common
social2,android.permission.ACCESS_WIFI_STATE,common
social2,android.permission.AUTHENTICATE_ACCOUNTS,common
social2,android.permission.BLUETOOTH,common
social2,android.permission.BLUETOOTH_CONNECT,common
social2,android.permission.CAMERA,common
social2,android.permission.CHANGE_NETWORK_STATE,common
social2,android.permission.DETECT_SCREEN_CAPTURE,common
social2,android.permission.FOREGROUND_SERVICE,common
social2,android.permission.FOREGROUND_SERVICE_DATA_SYNC,common
social2,android.permission.FOREGROUND_SERVICE_MEDIA_PLAYBACK,common
social2,android.permission.FOREGROUND_SERVICE_MEDIA_PROJECTION,common
social2,android.permission.GET_ACCOUNTS,common
social2,android.permission.INTERNET,common
social2,android.permission.MANAGE_ACCOUNTS,common
social2,android.permission.MODIFY_AUDIO_SETTINGS,common
social2,android.permission.POST_NOTIFICATIONS,common
social2,android.permission.READ_CONTACTS,common
social2,android.permission.READ_EXTERNAL_STORAGE,common
social2,android.permission.READ_MEDIA_IMAGES,common
social2,android.permission.READ_MEDIA_VIDEO,common
social2,android.permission.READ_PHONE_STATE,common
social2,android.permission.READ_PROFILE,common
social2,android.permission.READ_SYNC_SETTINGS,common
social2,android.permission.RECORD_AUDIO,common
social2,android.permission.SYSTEM_ALERT_WINDOW,common
social2,android.permission.USE_BIOMETRIC,common
social2,android.permission.USE_CREDENTIALS,common
social2,android.permission.USE_FINGERPRINT,common
social2,android.permission.USE_FULL_SCREEN_INTENT,common
social2,android.permission.VIBRATE,common
social2,android.permission.WAKE_LOCK,common
social2,android.permission.WRITE_EXTERNAL_STORAGE,common
social2,android.permission.WRITE_SYNC_SETTINGS,common
social2,com.anddoes.launcher.permission.UPDATE_COUNT,common
social2,com.android.launcher.permission.INSTALL_SHORTCUT,common
social2,com.android.vending.BILLING,common
social2,com.google.android.c2dm.permission.RECEIVE,common
social2,com.google.android.finsky.permission.BIND_GET_INSTALL_REFERRER_SERVICE,common
social2,com.google.android.gms.permission.AD_ID,common
social2,com.google.android.providers.gsf.permission.READ_GSERVICES,common
social2,com.htc.launcher.permission.READ_SETTINGS,common
social2,com.htc.launcher.permission.UPDATE_SHORTCUT,common
social2,com.huawei.android.launcher.permission.CHANGE_BADGE,common
social2,com.huawei.android.launcher.permission.READ_SETTINGS,common
social2,com.huawei.android.launcher.permission.WRITE_SETTINGS,common
social2,com.oppo.launcher.permission.READ_SETTINGS,common
social2,com.oppo.launcher.permission.WRITE_SETTINGS,common
social2,com.sec.android.provider.badge.permission.READ,common
social2,com.sec.android.provider.badge.permission.WRITE,common
social2,com.sonyericsson.home.permission.BROADCAST_BADGE,common
social2,com.sonymobile.home.permission.PROVIDER_INSERT_BADGE,common
social2,android.permission.AD_SERVICES_CONFIG,eu_only
social2,android.permission.FOREGROUND_SERVICE_CAMERA,eu_only
social2,android.permission.FOREGROUND_SERVICE_MICROPHONE,eu_only
social2,android.permission.MANAGE_OWN_CALLS,eu_only
social2,android.permission.READ_MEDIA_VISUAL_USER_SELECTED,eu_only
social2,android.permission.SHOW_ON_LOCK_SCREEN,eu_only
social2,com.android.vending.CHECK_LICENSE,eu_only
social2,com.twitter.account.ACCESS_ACCOUNT_PROVIDER,eu_only
social2,com.twitter.android.DYNAMIC_RECEIVER_NOT_EXPORTED_PERMISSION,eu_only
social2,com.twitter.android.auth.login.ACCESS,eu_only
social2,com.twitter.android.permission.RESTRICTED,eu_only
social2,android.gms.permission.ACTIVITY_RECOGNITION,ru_only
social2,android.permission.ACCESS_GPS,ru_only
social2,android.permission.ACCESS_LOCATION,ru_only
social2,android.permission.ACCESS_MEDIA_LOCATION,ru_only
social2,android.permission.ACTIVITY_RECOGNITION,ru_only
social2,android.permission.CALL_PHONE,ru_only
social2,android.permission.CHANGE_WIFI_MULTICAST_STATE,ru_only
social2,android.permission.CHANGE_WIFI_STATE,ru_only
social2,android.permission.DISABLE_KEYGUARD,ru_only
social2,android.permission.DOWNLOAD_WITHOUT_NOTIFICATION,ru_only
social2,android.permission.FLASHLIGHT,ru_only
social2,android.permission.FOREGROUND_SERVICE_TYPE_DATA_SYNC,ru_only
social2,android.permission.GET_TASKS,ru_only
social2,android.permission.READ_APP_BADGE,ru_only
social2,android.permission.READ_CALENDAR,ru_only
social2,android.permission.READ_CALL_LOG,ru_only
social2,android.permission.READ_MEDIA_AUDIO,ru_only
social2,android.permission.READ_PHONE_NUMBERS,ru_only
social2,android.permission.RECEIVE_BOOT_COMPLETED,ru_only
social2,android.permission.REQUEST_IGNORE_BATTERY_OPTIMIZATIONS,ru_only
social2,android.permission.RUN_USER_INITIATED_JOBS,ru_only
social2,android.permission.WRITE_CALENDAR,ru_only
social2,android.permission.WRITE_CONTACTS,ru_only
social2,android.permission.WRITE_PROFILE,ru_only
social2,android.permission.WRITE_SETTINGS,ru_only
social2,android.permission.health.READ_DISTANCE,ru_only
social2,android.permission.health.READ_STEPS,ru_only
social2,android.provider.Telephony.SMS_RECEIVED,ru_only
social2,com.applovin.array.apphub.permission.BIND_APPHUB_SERVICE,ru_only
social2,com.google.android.c2dm.permission.SEND,ru_only
social2,com.majeur.launcher.permission.UPDATE_BADGE,ru_only
social2,me.everything.badger.permission.BADGE_COUNT_READ,ru_only
social2,me.everything.badger.permission.BADGE_COUNT_WRITE,ru_only
social2,ru.ok.android.DYNAMIC_RECEIVER_NOT_EXPORTED_PERMISSION,ru_only
taxi,android.permission.ACCESS_ADSERVICES_AD_ID,common
taxi,android.permission.ACCESS_ADSERVICES_ATTRIBUTION,common
taxi,android.permission.ACCESS_COARSE_LOCATION,common
taxi,android.permission.ACCESS_FINE_LOCATION,common
taxi,android.permission.ACCESS_NETWORK_STATE,common
taxi,android.permission.ACCESS_WIFI_STATE,common
taxi,android.permission.BLUETOOTH,common
taxi,android.permission.BLUETOOTH_ADMIN,common
taxi,android.permission.BLUETOOTH_CONNECT,common
taxi,android.permission.BLUETOOTH_SCAN,common
taxi,android.permission.CAMERA,common
taxi,android.permission.FOREGROUND_SERVICE,common
taxi,android.permission.FOREGROUND_SERVICE_LOCATION,common
taxi,android.permission.INTERNET,common
taxi,android.permission.MODIFY_AUDIO_SETTINGS,common
taxi,android.permission.NFC,common
taxi,android.permission.POST_NOTIFICATIONS,common
taxi,android.permission.RECEIVE_BOOT_COMPLETED,common
taxi,android.permission.RECORD_AUDIO,common
taxi,android.permission.USE_BIOMETRIC,common
taxi,android.permission.USE_FINGERPRINT,common
taxi,android.permission.USE_FULL_SCREEN_INTENT,common
taxi,android.permission.VIBRATE,common
taxi,android.permission.WAKE_LOCK,common
taxi,com.google.android.c2dm.permission.RECEIVE,common
taxi,com.google.android.finsky.permission.BIND_GET_INSTALL_REFERRER_SERVICE,common
taxi,com.google.android.gms.permission.AD_ID,common
taxi,android.permission.ACCESS_BACKGROUND_LOCATION,eu_only
taxi,android.permission.BLUETOOTH_ADVERTISE,eu_only
taxi,android.permission.FOREGROUND_SERVICE_MICROPHONE,eu_only
taxi,android.permission.FOREGROUND_SERVICE_PHONE_CALL,eu_only
taxi,android.permission.GET_PACKAGE_SIZE,eu_only
taxi,android.permission.MANAGE_OWN_CALLS,eu_only
taxi,android.permission.POST_PROMOTED_NOTIFICATIONS,eu_only
taxi,android.permission.READ_CALENDAR,eu_only
taxi,android.permission.WRITE_CALENDAR,eu_only
taxi,com.google.android.providers.gsf.permission.READ_GSERVICES,eu_only
taxi,com.huawei.appmarket.service.commondata.permission.GET_COMMON_DATA,eu_only
taxi,com.samsung.android.mapsagent.permission.READ_APP_INFO,eu_only
taxi,ee.mtakso.client.DYNAMIC_RECEIVER_NOT_EXPORTED_PERMISSION,eu_only
taxi,android.permission.AUTHENTICATE_ACCOUNTS,ru_only
taxi,android.permission.CALL_PHONE,ru_only
taxi,android.permission.CHANGE_WIFI_STATE,ru_only
taxi,android.permission.DETECT_SCREEN_CAPTURE,ru_only
taxi,android.permission.DETECT_SCREEN_RECORDING,ru_only
taxi,android.permission.FOREGROUND_SERVICE_DATA_SYNC,ru_only
taxi,android.permission.GET_ACCOUNTS,ru_only
taxi,android.permission.MANAGE_ACCOUNTS,ru_only
taxi,android.permission.READ_APP_BADGE,ru_only
taxi,android.permission.READ_CONTACTS,ru_only
taxi,android.permission.READ_EXTERNAL_STORAGE,ru_only
taxi,android.permission.READ_PHONE_STATE,ru_only
taxi,android.permission.SYSTEM_ALERT_WINDOW,ru_only
taxi,android.permission.USE_CREDENTIALS,ru_only
taxi,android.permission.WRITE_EXTERNAL_STORAGE,ru_only
taxi,com.anddoes.launcher.permission.UPDATE_COUNT,ru_only
taxi,com.android.vending.BILLING,ru_only
taxi,com.htc.launcher.permission.READ_SETTINGS,ru_only
taxi,com.htc.launcher.permission.UPDATE_SHORTCUT,ru_only
taxi,com.huawei.android.launcher.permission.CHANGE_BADGE,ru_only
taxi,com.huawei.android.launcher.permission.READ_SETTINGS,ru_only
taxi,com.huawei.android.launcher.permission.WRITE_SETTINGS,ru_only
taxi,com.majeur.launcher.permission.UPDATE_BADGE,ru_only
taxi,com.oppo.launcher.permission.READ_SETTINGS,ru_only
taxi,com.oppo.launcher.permission.WRITE_SETTINGS,ru_only
taxi,com.sec.android.provider.badge.permission.READ,ru_only
taxi,com.sec.android.provider.badge.permission.WRITE,ru_only
taxi,com.sonyericsson.home.permission.BROADCAST_BADGE,ru_only
taxi,com.sonymobile.home.permission.PROVIDER_INSERT_BADGE,ru_only
taxi,com.yandex.permission.AM_COMMUNICATION,ru_only
taxi,com.yandex.permission.READ_CREDENTIALS,ru_only
taxi,com.yandex.yphone.permission.READ,ru_only
taxi,com.yandex.yphone.permission.WRITE,ru_only
taxi,me.everything.badger.permission.BADGE_COUNT_READ,ru_only
taxi,me.everything.badger.permission.BADGE_COUNT_WRITE,ru_only
taxi,ru.yandex.taxi.DYNAMIC_RECEIVER_NOT_EXPORTED_PERMISSION,ru_only
taxi,ru.yandex.taxi.ORDER_NOTIFICATION,ru_only
